phoneid,phonenum
1,13598964000
2,13598964001
3,13598964002
4,13598964003
5,13598964004
6,13598964005
7,13598964006
8,13598964007
9,13598964008
10,13598964009
11,13598964010
12,13598964011
13,13598964012
14,13598964013
15,13598964014
16,13598964015
17,13598964016
18,13598964017
19,13598964018
20,13598964019
21,13598964020
22,13598964021
23,13598964022
24,13598964023
25,13598964024
26,13598964025
27,13598964026
28,13598964027
29,13598964028
30,13598964029
31,13598964030
32,13598964031
33,13598964032
34,13598964033
35,13598964034
36,13598964035
37,13598964036
38,13598964037
39,13598964038
40,13598964039
41,13598964040
42,13598964041
43,13598964042
44,13598964043
45,13598964044
46,13598964045
47,13598964046
48,13598964047
49,13598964048
50,13598964049
51,13598964050
52,13598964051
53,13598964052
54,13598964053
55,13598964054
56,13598964055
57,13598964056
58,13598964057
59,13598964058
60,13598964059
61,13598964060
62,13598964061
63,13598964062
64,13598964063
65,13598964064
66,13598964065
67,13598964066
68,13598964067
69,13598964068
70,13598964069
71,13598964070
72,13598964071
73,13598964072
74,13598964073
75,13598964074
76,13598964075
77,13598964076
78,13598964077
79,13598964078
80,13598964079
81,13598964080
82,13598964081
83,13598964082
84,13598964083
85,13598964084
86,13598964085
87,13598964086
88,13598964087
89,13598964088
90,13598964089
91,13598964090
92,13598964091
93,13598964092
94,13598964093
95,13598964094
96,13598964095
97,13598964096
98,13598964097
99,13598964098
100,13598964099
